{"cameraMode":{"drawMode":0,"name":"Shaded","section":"Shading Mode"},"sceneLighting":false,"audioPlay":false,"sceneViewState":{"m_AlwaysRefresh":false,"showFog":true,"showSkybox":false,"showFlares":true,"showImageEffects":true,"showParticleSystems":true,"showVisualEffectGraphs":true,"m_FxEnabled":true},"in2DMode":false,"pivot":{"x":7.680069923400879,"y":2.323899745941162,"z":-7.981434345245361},"rotation":{"x":0.013922866433858872,"y":0.6336525678634644,"z":-0.011406967416405678,"w":0.7734089493751526},"size":1.8202235698699952,"orthographic":false}