{"cameraMode":{"drawMode":0,"name":"Shaded","section":"Shading Mode"},"sceneLighting":true,"audioPlay":false,"sceneViewState":{"m_AlwaysRefresh":false,"showFog":true,"showSkybox":true,"showFlares":true,"showImageEffects":true,"showParticleSystems":true,"showVisualEffectGraphs":true,"m_FxEnabled":true},"in2DMode":false,"pivot":{"x":10.57950210571289,"y":2.009998321533203,"z":-8.319124221801758},"rotation":{"x":0.33508262038230898,"y":0.18623857200145722,"z":-0.06775107979774475,"w":0.9211091995239258},"size":23.152297973632814,"orthographic":false}